{ "@context": {"schema":"http://schema.org/", "name":"http://schema.org/name", "identifier":"http://schema.org/identifier", "description":"http://schema.org/description", "email":"http://schema.org/email", "url":"http://schema.org/url", "affiliation":"http://schema.org/affiliation", "memberOf":"http://schema.org/memberOf", "funder":"http://schema.org/funder", "inDefinedTermSet":"http://schema.org/inDefinedTermSet", "additionalType":"http://schema.org/additionalType", "encodingFormat":"http://schema.org/encodingFormat", "accessRights":"http://purl.org/dc/terms/accessRights", "citation":"https://dataverse.org/schema/citation/", "contributor":"http://purl.org/dc/terms/contributor", "contributorType":"http://purl.org/datacite/v4.4/ContributorType", "subject":"http://purl.org/dc/terms/subject", "kindOfData":"http://rdf-vocabulary.ddialliance.org/discovery#kindOfData", "publication":"http://purl.org/dc/terms/isReferencedBy", "publicationCitation":"http://purl.org/dc/terms/bibliographicCitation", "publicationIDType":"http://purl.org/spar/datacite/ResourceIdentifierScheme", "publicationIDNumber":"http://purl.org/spar/datacite/ResourceIdentifier", "publicationURL":"https://schema.org/URL"}, "@type":"schema:Dataset","@id":"https://pmb-bordeaux.fr/maggot/metadata/frim1","schema:version":"1.0","schema:identifier":"maggot:frim1","schema:name":"FRIM - Fruit Integrative Modelling","schema:description":"The project aimed to build a virtual tomato fruit that enables the prediction of metabolite levels given genetic and environmental inputs, by an iterative process between laboratories which combine expertise in fruit biology, ecophysiology, theoretical and experimental biochemistry, and biotechnology.","schema:license":"https://spdx.org/licenses/etalab-2.0.html","accessRights":"Public","schema:creator":[{"@type":"schema:Person","name":"Gibon, Yves","identifier":"https://orcid.org/0000-0001-8161-1089","email":"yves.gibon@inrae.fr","affiliation":{"@type":"schema:Organization","identifier":"https://ror.org/00ccpdp17","name":"UMR 1332 BFP INRAE"}}],"schema:author":[{"@type":"schema:Person","name":"Bénard, Camille","affiliation":{"@type":"schema:Organization","identifier":"https://ror.org/00ccpdp17","name":"UMR 1332 BFP INRAE"}},{"@type":"schema:Person","name":"Biais, Benoit","affiliation":{"@type":"schema:Organization","identifier":"https://ror.org/00ccpdp17","name":"UMR 1332 BFP INRAE"}},{"@type":"schema:Person","name":"Beauvoit, Bertrand","identifier":"https://orcid.org/0000-0002-7666-6429","affiliation":{"@type":"schema:Organization","identifier":"https://ror.org/057qpr032","name":"Université de Bordeaux"}},{"@type":"schema:Person","name":"Colombié, Sophie","affiliation":{"@type":"schema:Organization","identifier":"https://ror.org/00ccpdp17","name":"UMR 1332 BFP INRAE"}}],"contributor":[{"@type":"schema:Person","contributorType":"http://purl.org/datacite/v4.4/DataCollector","name":"Bénard, Camille","affiliation":{"@type":"schema:Organization","identifier":"https://ror.org/00ccpdp17","name":"UMR 1332 BFP INRAE"}},{"@type":"schema:Person","contributorType":"http://purl.org/datacite/v4.4/DataCollector","name":"Biais, Benoit","affiliation":{"@type":"schema:Organization","identifier":"https://ror.org/00ccpdp17","name":"UMR 1332 BFP INRAE"}},{"@type":"schema:Person","contributorType":"http://purl.org/datacite/v4.4/DataCollector","name":"Ballias, Patricia","affiliation":{"@type":"schema:Organization","identifier":"https://ror.org/00ccpdp17","name":"UMR 1332 BFP INRAE"}},{"@type":"schema:Person","contributorType":"http://purl.org/datacite/v4.4/DataCollector","name":"Maucourt, Mickaël","affiliation":{"@type":"schema:Organization","identifier":"https://ror.org/057qpr032","name":"Université de Bordeaux"}},{"@type":"schema:Person","contributorType":"http://purl.org/datacite/v4.4/DataCurator","name":"Moing, Annick","identifier":"https://orcid.org/0000-0003-1144-3600","affiliation":{"@type":"schema:Organization","identifier":"https://ror.org/00ccpdp17","name":"UMR 1332 BFP INRAE"}},{"@type":"schema:Person","contributorType":"http://purl.org/datacite/v4.4/DataCurator","name":"Jacob, Daniel","identifier":"https://orcid.org/0000-0002-6687-7169","affiliation":{"@type":"schema:Organization","identifier":"https://ror.org/00ccpdp17","name":"UMR 1332 BFP INRAE"}},{"@type":"schema:Person","contributorType":"http://purl.org/datacite/v4.4/ProjectLeader","name":"Gibon, Yves","identifier":"https://orcid.org/0000-0001-8161-1089","affiliation":{"@type":"schema:Organization","identifier":"https://ror.org/00ccpdp17","name":"UMR 1332 BFP INRAE"}},{"@type":"schema:Person","contributorType":"http://purl.org/datacite/v4.4/WorkPackageLeader","name":"Vercambre, Gilles","identifier":"https://orcid.org/0000-0001-6486-9547","affiliation":{"@type":"schema:Organization","identifier":"https://ror.org/003vg9w96","name":"INRAE"}}],"schema:funding":[{"@type":"schema:Grant","name":"MetaboHub","identifer":"ANR-11-INBS-0010","funder":{"@type":"schema:Organization","identifier":"https://ror.org/00rbzpz17","name":"Agence Nationale de la Recherche"}},{"@type":"schema:Grant","name":"Phenome","identifer":"ANR-11-INBS-0012","funder":{"@type":"schema:Organization","identifier":"https://ror.org/00rbzpz17","name":"Agence Nationale de la Recherche"}}],"schema:keywords":[{"@type":"schema:DefinedTerm","name":"tomato","url":"http://purl.jp/bio/4/id/200906080909032148","inDefinedTermSet":"IOBC"},{"@type":"schema:DefinedTerm","name":"fruit growth","url":"http://purl.obolibrary.org/obo/TO_0000929","inDefinedTermSet":"PTO"},{"@type":"schema:DefinedTerm","name":"experimental measurement","url":"http://edamontology.org/data_3108","inDefinedTermSet":"EDAM"},{"@type":"schema:DefinedTerm","name":"plant trait","url":"http://purl.jp/bio/4/id/201306020292400942","inDefinedTermSet":"IOBC"}],"citation:topicClassification":[{"@type":"schema:DefinedTerm","name":"fruit growth","url":"http://purl.obolibrary.org/obo/TO_0000929","inDefinedTermSet":"PTO"},{"@type":"schema:DefinedTerm","name":"plant health","url":"http://purl.jp/bio/4/id/201406098194992404","inDefinedTermSet":"IOBC"},{"@type":"schema:DefinedTerm","name":"omics","url":"http://purl.jp/bio/4/id/201306053666021113","inDefinedTermSet":"IOBC"},{"@type":"schema:DefinedTerm","name":"computer analysis"}],"schema:variableMeasured":[{"@type":"schema:PropertyValue","name":"metabolite","url":"http://purl.jp/bio/4/id/200906011725918524"},{"@type":"schema:PropertyValue","name":"biochemical composition","url":"http://purl.jp/bio/4/id/201106016579695836"},{"@type":"schema:PropertyValue","name":"enzyme activity","url":"http://purl.jp/bio/4/id/200906083481331268"},{"@type":"schema:PropertyValue","name":"lipid Metabolism","url":"http://purl.jp/bio/4/id/200906093955318492"},{"@type":"schema:PropertyValue","name":"plant trait","url":"http://purl.jp/bio/4/id/201306020292400942"}],"schema:measurementTechnique":[{"@type":"schema:DefinedTerm","name":"NMR spectroscopy assay","url":"http://purl.obolibrary.org/obo/OBI_0000623","inDefinedTermSet":"OBI"},{"@type":"schema:DefinedTerm","name":"liquid chromatography mass spectrometry assay","url":"http://purl.obolibrary.org/obo/OBI_0003097","inDefinedTermSet":"OBI"}],"subject":["Computer and Information Science", "Medicine Health and Life Sciences"],"kindOfData":["Dataset"],"citation:dataOrigin":["experimental data"],"citation:producer":[{"@type":"schema:Organization","name":"Bordeaux Metabolome","url":"https://metabolome.cgfb.u-bordeaux.fr/","memberOf":{"@type":"schema:Organization","identifier":"https://ror.org/00ccpdp17","name":"INRAE BFP"}}],"publication":{"@type":"schema:CreativeWork","publicationCitation":"Biais B, Bénard C, Beauvoit B, Colombié S, Prodhomme D, Ménard G, Bernillon S, Gehl B, Gautier H, Ballias P, Mazat J-P, Sweetlove L, Génard M, Gibon Y. 2014. Remarkable reproducibility of enzyme activity profiles in tomato fruits grown under contrasting environments provides a roadmap for studies of fruit metabolism. Plant Physiology 164, 1204-1221","publicationIDType":"doi","publicationIDNumber":"10.1104/pp.113.231241","publicationURL":"https://doi.org/10.1104/pp.113.231241"},"citation:lifeCycleStep":["Study design", "Data collection"],"schema:hasPart":[{"@type":"schema:CreativeWork","additionalType":"http://purl.org/datacite/v4.4/Collection","description":"ODAM dataexplorer","url":"https://pmb-bordeaux.fr/dataexplorer/?ds=frim1"},{"@type":"schema:CreativeWork","additionalType":"http://purl.org/datacite/v4.4/Other","encodingFormat":"application/json","description":"Dataset's structural metadata","url":"https://identifiers.org/odam:frim1"},{"@type":"schema:CreativeWork","additionalType":"http://purl.org/datacite/v4.4/JournalArticle","description":"Beauvoit et al (2014) Plant Cell 26: 3224–3242 ","url":"https://doi.org/10.1105/tpc.114.127761"},{"@type":"schema:CreativeWork","additionalType":"http://purl.org/datacite/v4.4/JournalArticle","description":"Bénard et al (2015) Journal of Experimental Botany Vol. 66, No. 11 pp. 3391–3404","url":"https://doi.org/10.1093/jxb/erv151"},{"@type":"schema:CreativeWork","additionalType":"http://purl.org/datacite/v4.4/JournalArticle","description":"Colombié el al (2015) Plant Physiology 180, 1709–1724 ","url":"https://doi.org/10.1104/pp.19.00086"},{"@type":"schema:CreativeWork","additionalType":"http://purl.org/datacite/v4.4/Collection","description":"Access to data via cloud-like software","url":"https://pmb-bordeaux.fr/fb/share/YnIKPeF9"}],"sdDatePublished":"2024-11-26 16:39:19"}