{"profile":"https://pmb-bordeaux.fr/maggot/conf/maggot-schema.json","title":"frim1","fulltitle":"FRIM - Fruit Integrative Modelling","license":"Etalab V2.0 license","depositor":"Jacob Daniel","publication_idnumber":"10.1104/pp.113.231241","publication_url":"https://doi.org/10.1104/pp.113.231241","description":"The project aimed to build a virtual tomato fruit that enables the prediction of metabolite levels given genetic and environmental inputs, by an iterative process between laboratories which combine expertise in fruit biology, ecophysiology, theoretical and experimental biochemistry, and biotechnology.","publication_citation":"Biais B, Bénard C, Beauvoit B, Colombié S, Prodhomme D, Ménard G, Bernillon S, Gehl B, Gautier H, Ballias P, Mazat J-P, Sweetlove L, Génard M, Gibon Y. 2014. Remarkable reproducibility of enzyme activity profiles in tomato fruits grown under contrasting environments provides a roadmap for studies of fruit metabolism. Plant Physiology 164, 1204-1221","status":"Processed","access_rights":"Public","publication_idtype":"doi","contacts":["Gibon Yves"],"authors":["Bénard Camille","Biais Benoit","Beauvoit Bertrand","Colombié Sophie"],"collectors":["Bénard Camille","Biais Benoit","Ballias Patricia","Maucourt Mickaël"],"curators":["Moing Annick","Jacob Daniel"],"leader":["Gibon Yves"],"wpleader":["Vercambre Gilles"],"producer":["Bordeaux Metabolome"],"grantNumbers":["MetaboHub","Phenome"],"keywords":["tomato","fruit growth","experimental measurement","plant trait"],"topics":["fruit growth","plant health","omics","computer analysis"],"experimentfactor":["fruit development stage","plant treatment","response to water","response to stress"],"measurement":["metabolite","biochemical composition","enzyme activity","lipid Metabolism","plant trait"],"technology":["NMR spectroscopy assay","liquid chromatography mass spectrometry assay"],"lifeCycleStep":["Study design","Data collection"],"subject":["Computer and Information Science","Medicine Health and Life Sciences"],"language":["English"],"kindOfData":["Dataset"],"dataOrigin":["experimental data"],"resources":[{"datatype":"Collection","description":"ODAM dataexplorer","location":"https://pmb-bordeaux.fr/dataexplorer/?ds=frim1"},{"datatype":"Other","media":"application/json","description":"Dataset's structural metadata","location":"https://identifiers.org/odam:frim1"},{"datatype":"Other","media":"application/json","description":"metadata","location":"datapackage.json"},{"datatype":"Other","media":"text/plain","description":"README","location":"README.txt"},{"datatype":"JournalArticle","description":"Beauvoit et al (2014) Plant Cell 26: 3224–3242 ","location":"https://doi.org/10.1105/tpc.114.127761"},{"datatype":"JournalArticle","description":"Bénard et al (2015) Journal of Experimental Botany Vol. 66, No. 11 pp. 3391–3404","location":"https://doi.org/10.1093/jxb/erv151"},{"datatype":"JournalArticle","description":"Colombié el al (2015) Plant Physiology 180, 1709–1724 ","location":"https://doi.org/10.1104/pp.19.00086"},{"datatype":"Collection","description":"Access to data via cloud-like software","location":"https://pmb-bordeaux.fr/fb/share/YnIKPeF9"}]}
